{
  "accepted": 200,
  "duration_sec": 4.353474855422974,
  "throughput_pps": 45.94031357522759
}